DAP,UREA,Super phosphate,Ammonium sulphate
46.862883539709394,83.45508284117251,7.567548388979732,0.8318593212001967
